<?xml version="1.0" encoding="utf-8"?>
<install type="component" version="1.0.0">
	<name>Installation Manager</name>
	<author>Joomla! Project</author>
	<creationDate>2006</creationDate>
	<copyright>Copyright (C) 2005 - 2008 Open Source Matters. All rights reserved.</copyright>
	<license>http://www.gnu.org/licenses/gpl-2.0.html GNU/GPL</license>
	<authorEmail>admin@joomla.org</authorEmail>
	<authorUrl>www.joomla.org</authorUrl>
	<version>1.5.0</version>
	<description>Installation Manager</description>
</install>
